id;title;description;date;user_id
1;drive reboot sticky;navigate solid;2023-09-18T08:51:53;1
2;Intranet Accounts Cove;blue maximize Rufiyaa;2023-09-17T18:03:04;2
3;Pines rich;blue Square;2023-09-17T14:43:43;2
4;Refined payment Books;panel;2023-09-18T14:06:04;2
5;sensor Optimization;revolutionary Extended;2023-09-18T05:38:38;2
6;Hawaii;Chief;2023-09-18T12:18:22;1
7;Coordinator;Home Iran;2023-09-18T09:37:45;1
8;user-centric;copy;2023-09-17T16:12:07;2
9;Manager;holistic concept Towels;2023-09-17T22:38:11;2
10;Small;matrix firewall;2023-09-18T00:01:57;2
